1,20,"Name 1 One","*DMP090", "122021-10-12","2021-11-12"
2,22,"Name  tWO","DMP091", "2021-10-12","2021-11-12"
1,20,"Name 1 One","*DMP092", "122021-10-12","2021-11-12"
2,22,"Name  tWO","DMP093", "2021-10-12","2021-11-12"
1,20,"Name 1 One","*DMP094", "122021-10-12","2021-11-12"
2,22,"Name  tWO","DMP095", "2021-10-12","2021-11-12"
1,20,"Name 1 One","*DMP096", "122021-10-12","2021-11-12"
2,22,"Name  tWO","DMP0997", "2021-10-12","2021-11-12"
1,20,"Name 1 One","*DMP072", "122021-10-12","2021-11-12"
2,22,"Name  tWO","DMP0805", "2021-10-12","2021-11-12"
1,20,"Name 1 One","*DMP0794", "122021-10-12","2021-11-12"
2,22,"Name  tWO","DMP0805", "2021-10-12","2021-11-12"
